Year,Quarter,Quarter_Number,Period,Real_Wage_Index_2021Q4_Base,Nominal_Wage_Index_2021Q4_Base,Real_Wage_Growth_YoY_Calculated,Nominal_Wage_Growth_YoY_Calculated
2007.0,Q1,1,2007 Q1,79.94628469113697,63.893376413570266,,
2007.0,Q2,2,2007 Q2,84.15398388540734,67.77059773828756,,
2007.0,Q3,3,2007 Q3,79.23008057296329,64.21647819063006,,
2007.0,Q4,4,2007 Q4,90.33124440465534,73.82875605815833,,
2008.0,Q1,1,2008 Q1,79.76723366159355,65.67043618739903,-0.2239641657334812,2.781289506953244
2008.0,Q2,2,2008 Q2,84.87018800358102,70.35541195476574,0.8510638297872353,3.8140643623360893
2008.0,Q3,3,2008 Q3,79.05102954341987,66.07431340872375,-0.2259887005649719,2.8930817610062887
2008.0,Q4,4,2008 Q4,91.31602506714414,75.76736672051696,1.090188305252715,2.6258205689277725
2009.0,Q1,1,2009 Q1,79.58818263205015,66.07431340872375,-0.22446689113353457,0.6150061500615145
2009.0,Q2,2,2009 Q2,84.06445837063563,69.87075928917609,-0.9493670886075889,-0.6888633754305262
2009.0,Q3,3,2009 Q3,79.76723366159355,66.39741518578353,0.9060022650056565,0.4889975550122383
2009.0,Q4,4,2009 Q4,91.04744852282901,75.92891760904685,-0.2941176470588225,0.2132196162046851
2010.0,Q1,1,2010 Q1,80.39391226499552,67.20516962843296,1.0123734533183049,1.7114914425427674
2010.0,Q2,2,2010 Q2,85.6759176365264,72.05169628432957,1.9169329073482455,3.121387283236987
2010.0,Q3,3,2010 Q3,80.75201432408237,68.0129240710824,1.2345679012345734,2.4330900243308973
2010.0,Q4,4,2010 Q4,92.39033124440465,78.10985460420032,1.4749262536873031,2.872340425531905
2011.0,Q1,1,2011 Q1,81.82632050134289,69.78998384491115,1.7817371937639326,3.8461538461538547
2011.0,Q2,2,2011 Q2,87.3769024171889,74.95961227786752,1.985370950888199,4.035874439461873
2011.0,Q3,3,2011 Q3,81.37869292748434,70.03231017770598,0.77605321507761,2.9691211401425166
2011.0,Q4,4,2011 Q4,92.47985675917636,79.96768982229402,0.09689922480620172,2.378490175801451
2012.0,Q1,1,2012 Q1,81.82632050134289,71.24394184168014,0.0,2.083333333333348
2012.0,Q2,2,2012 Q2,87.91405550581915,76.81744749596122,0.6147540983606481,2.4784482758620774
2012.0,Q3,3,2012 Q3,82.18442256042971,72.13247172859451,0.9900990099009688,2.9988465974625234
2012.0,Q4,4,2012 Q4,93.19606087735004,82.14862681744751,0.7744433688286589,2.727272727272756
2013.0,Q1,1,2013 Q1,81.82632050134289,72.2940226171244,0.0,1.473922902494329
2013.0,Q2,2,2013 Q2,87.82452999104744,77.86752827140549,-0.10183299389001643,1.3669821240799296
2013.0,Q3,3,2013 Q3,81.91584601611459,73.10177705977384,-0.32679738562090277,1.3437849944009095
2013.0,Q4,4,2013 Q4,93.10653536257834,83.19870759289176,-0.09606147934676512,1.2782694198623323
2014.0,Q1,1,2014 Q1,82.9006266786034,74.23263327948304,1.3129102844638751,2.681564245810053
2014.0,Q2,2,2014 Q2,89.0778871978514,79.88691437802909,1.4271151885830946,2.5933609958506354
2014.0,Q3,3,2014 Q3,83.34825425246194,75.04038772213248,1.7486338797814138,2.6519337016574607
2014.0,Q4,4,2014 Q4,95.16562220232765,85.46042003231018,2.2115384615384537,2.7184466019417375
2015.0,Q1,1,2015 Q1,85.22829006266785,76.17124394184168,2.8077753779697456,2.611534276387384
2015.0,Q2,2,2015 Q2,91.13697403760071,82.47172859450727,2.311557788944696,3.2355915065722884
2015.0,Q3,3,2015 Q3,84.78066248880931,76.89822294022618,1.7185821697100145,2.475780409041972
2015.0,Q4,4,2015 Q4,97.13518352730529,87.56058158319871,2.069614299153355,2.457466918714557
2016.0,Q1,1,2016 Q1,87.3769024171889,78.35218093699515,2.521008403361358,2.8632025450689325
2016.0,Q2,2,2016 Q2,92.74843330349148,84.08723747980613,1.7681728880157177,1.9588638589618013
2016.0,Q3,3,2016 Q3,86.30259623992839,78.67528271405493,1.795142555438245,2.310924369747891
2016.0,Q4,4,2016 Q4,98.2990152193375,89.5799676898223,1.198156682027629,2.306273062730635
2017.0,Q1,1,2017 Q1,88.18263205013429,80.45234248788368,0.9221311475409832,2.680412371134011
2017.0,Q2,2,2017 Q2,94.09131602506714,86.51050080775444,1.4478764478764727,2.8818443804034644
2017.0,Q3,3,2017 Q3,87.10832587287376,80.61389337641357,0.9336099585061985,2.4640657084188833
2017.0,Q4,4,2017 Q4,99.01521933751118,91.51857835218094,0.7285974499089187,2.1641118124436476
2018.0,Q1,1,2018 Q1,89.43598925693823,82.63327948303716,1.4213197969543234,2.710843373493965
2018.0,Q2,2,2018 Q2,94.80752014324084,88.69143780290791,0.7611798287345595,2.5210084033613356
2018.0,Q3,3,2018 Q3,88.54073410922113,83.52180936995154,1.6443987667009274,3.607214428857719
2018.0,Q4,4,2018 Q4,100.35810205908685,94.50726978998385,1.3562386980108698,3.2656663724625057
2019.0,Q1,1,2019 Q1,90.51029543419874,84.7334410339257,1.2012012012011963,2.541544477028368
2019.0,Q2,2,2019 Q2,96.06087735004476,91.35702746365105,1.3220018885741203,3.0054644808743314
2019.0,Q3,3,2019 Q3,90.24171888988361,86.34894991922457,1.921132457027297,3.384912959381059
2019.0,Q4,4,2019 Q4,101.07430617726052,96.36510500807755,0.7136485280999194,1.9658119658119588
2020.0,Q1,1,2020 Q1,90.86839749328558,86.51050080775444,0.3956478733926794,2.0972354623450595
2020.0,Q2,2,2020 Q2,91.58460161145926,87.72213247172859,-4.659832246039142,-3.9787798408488118
2020.0,Q3,3,2020 Q3,89.0778871978514,85.21809369951535,-1.289682539682524,-1.3096351730589428
2020.0,Q4,4,2020 Q4,101.43240823634736,96.52665589660744,0.3542958370239102,0.16764459346185756
2021.0,Q1,1,2021 Q1,89.0778871978514,85.94507269789985,-1.970443349753681,-0.6535947712418166
2021.0,Q2,2,2021 Q2,94.35989256938228,92.5686591276252,3.03030303030305,5.524861878453047
2021.0,Q3,3,2021 Q3,89.0778871978514,88.52988691437803,0.0,3.8862559241706007
2021.0,Q4,4,2021 Q4,100.0,100.0,-1.4121800529567463,3.5983263598326376
2022.0,Quarter 1,1,2022 Q1,88.36526410026858,89.21098546042002,-0.8000000000000118,3.799999999999981
2022.0,Quarter 2,2,2022 Q2,91.10893932393857,94.68405205308383,-3.445270185161886,2.285215045128952
2022.0,Quarter 3,3,2022 Q3,85.14854142424166,89.86775345153968,-4.41113490364028,1.5112032600420822
2022.0,Quarter 4,4,2022 Q4,95.36636639515065,102.78419061022628,-4.6336336048493525,2.784190610226278
2023.0,Quarter 1,1,2023 Q1,86.18924581942683,94.24620672567072,-2.4625267665953077,5.644171779141094
2023.0,Quarter 2,2,2023 Q2,91.20354881440996,100.92334796872058,0.10384215991692258,6.589595375722546
2023.0,Quarter 3,3,2023 Q3,85.71619836706994,95.55974270791003,0.6666666666666599,6.33373934226551
2023.0,Quarter 4,4,2023 Q4,97.16394671410686,108.36671853474336,1.8849206349206282,5.4313099041533475
2024.0,Quarter 1,1,2024 Q1,89.40596849545373,100.26657997760091,3.73216245883643,6.387921022067378
2024.0,Quarter 2,2,2024 Q2,93.94722403807995,106.3964145613844,3.0082987551867113,5.422993492407824
2024.0,Quarter 3,3,2024 Q3,88.27065460979718,100.26657997760091,2.9801324503311077,4.9255441008018375
2024.0,Quarter 4,4,2024 Q4,99.52918397589136,113.51140113184735,2.434274586173335,4.747474747474767
2025.0,Quarter 1,1,2025 Q1,90.5412823811103,103.76934259690576,1.2698412698412875,3.493449781659397
2025.0,Quarter 2,2,2025 Q2,95.74480435703617,110.66540650366213,1.9133937562940684,4.012345679012297
2025.0,Quarter 3,3,2025 Q3,90.44667289063891,105.08287857914507,2.4651661307609762,4.803493449781682
2025.0,Quarter 4,4,2025 Q4,101.42137378531895,118.2182384015382,1.9011406844106515,4.146576663452239
